Marca,Modelo,link
Lada,Niva,
Volkswagen,Kombi Furgão,
Fiat,Uno Pick-Up,
Audi,Q7,https://img1.icarros.com/dbimg/galeriaimgmodelo/1/120106_1.png
Ford,Rural,
Fiat,Uno Furgão,https://img0.icarros.com/dbimg/galeriaimgmodelo/1/37757_1.png
Hyundai,H100,
Volkswagen,Brasília,
Volkswagen,Fusca,https://img2.icarros.com/dbimg/galeriaimgmodelo/1/55827_1.png
Ford,Escort Conversivel,
Ford,Escort,
Fiat,Fiorino,
Ford,Courier,
Volkswagen,Kombi,https://img2.icarros.com/dbimg/galeriaimgmodelo/1/19798_1.png
Fiat,Premio,
Lifan,320,https://img0.icarros.com/dbimg/galeriaimgmodelo/1/6791_1.png
Renault,19,
Renault,Kangoo Express,https://img1.icarros.com/dbimg/galeriaimgmodelo/1/102062_1.png
Fiat,Ducato,https://img0.icarros.com/dbimg/galeriaimgmodelo/1/124757_1.png
Chevrolet,Chevette Hatch,
Mazda,MX-3,
Ford,Ranger (Cabine Simples-Estendida),https://img2.icarros.com/dbimg/galeriaimgmodelo/1/127229_1.png
Suzuki,Samurai,
Fiat,147,
Ford,Mondeo Wagon,
Volkswagen,Gol,https://img0.icarros.com/dbimg/galeriaimgmodelo/1/130763_1.png
Fiat,Tipo,
Hyundai,Atos,
Jac,J3 Turin,https://img0.icarros.com/dbimg/galeriaimgmodelo/1/34665_1.png
Peugeot,106,
Chevrolet,Celta,https://img1.icarros.com/dbimg/galeriaimgmodelo/1/47578_1.png
Ford,Fiesta Hatch,https://img1.icarros.com/dbimg/galeriaimgmodelo/1/3415_1.png
Kia,Soul,
Changan (Chana),Cargo,
Chevrolet,Camaro,
Ford,Pampa,
Ford,Del Rey Belina / Scala,
Ferrari,458 Italia,https://img0.icarros.com/dbimg/galeriaimgmodelo/1/42441_1.png
Fiat,Palio,https://img1.icarros.com/dbimg/galeriaimgmodelo/1/83199_1.png
Renault,Duster Oroch,https://img0.icarros.com/dbimg/galeriaimgmodelo/1/127503_1.png
Kia,Besta,
Mitsubishi,Galant,
Ford,Versailles Royale,
Volkswagen,Logus,
Citroën,Xsara,
Fiat,Doblò,https://img1.icarros.com/dbimg/galeriaimgmodelo/1/120732_1.png
Jeep,Cherokee,https://img0.icarros.com/dbimg/galeriaimgmodelo/1/23867_1.png
Renault,Kwid,https://img0.icarros.com/dbimg/galeriaimgmodelo/1/127331_1.png
Citroën,Berlingo,https://img1.icarros.com/dbimg/galeriaimgmodelo/1/132064_1.png
Chevrolet,Kadett,
Chevrolet,Chevette Sedan,
Fiat,Uno Mille,https://img2.icarros.com/dbimg/galeriaimgmodelo/1/1812_1.png
Volkswagen,Apollo,
Chevrolet,Suprema,
Ford,Jeep,
Peugeot,306 Break,
Ford,Corcel,
Volkswagen,Quantum,
Ford,F-1000,
Peugeot,206 CC,
Mitsubishi,Pajero TR4,https://img1.icarros.com/dbimg/galeriaimgmodelo/1/18463_1.png
Chevrolet,Classic,https://img1.icarros.com/dbimg/galeriaimgmodelo/1/38251_1.png
Ford,Escort Sedan,
Ford,Verona,
Chevrolet,Corsa Hatch,https://img2.icarros.com/dbimg/galeriaimgmodelo/1/10651_1.png
Volkswagen,Voyage,https://img0.icarros.com/dbimg/galeriaimgmodelo/1/130765_1.png
Renault,Kangoo,https://img2.icarros.com/dbimg/galeriaimgmodelo/1/2850_1.png
Chevrolet,Agile,https://img2.icarros.com/dbimg/galeriaimgmodelo/1/12178_1.png
Mercedes-Benz,Classe B,https://img0.icarros.com/dbimg/galeriaimgmodelo/1/109845_1.png
Land Rover,Discovery Sport,https://img0.icarros.com/dbimg/galeriaimgmodelo/1/124226_1.png
Chevrolet,Montana,https://img0.icarros.com/dbimg/galeriaimgmodelo/1/126840_1.png
Chevrolet,Corsa Wagon,
Alfa Romeo,164,
Ford,Del Rey,
Fiat,Elba,
Troller,T4,https://img1.icarros.com/dbimg/galeriaimgmodelo/1/120013_1.png
Chevrolet,Spin,
Hyundai,Veracruz,https://img1.icarros.com/dbimg/galeriaimgmodelo/1/478_1.png
Fiat,Grand Siena,https://img2.icarros.com/dbimg/galeriaimgmodelo/1/131008_1.png
Chevrolet,S10 Cabine Simples,https://img0.icarros.com/dbimg/galeriaimgmodelo/1/126819_1.png
Fiat,Uno,https://img1.icarros.com/dbimg/galeriaimgmodelo/1/131514_1.png
Ford,Ka Hatch,https://img2.icarros.com/dbimg/galeriaimgmodelo/1/130900_1.png
Citroën,ZX,
Audi,R8,https://img2.icarros.com/dbimg/galeriaimgmodelo/1/122387_1.png
Hyundai,HR,https://img1.icarros.com/dbimg/galeriaimgmodelo/1/125846_1.png
Chevrolet,S10 Cabine Dupla,https://img2.icarros.com/dbimg/galeriaimgmodelo/1/126803_1.png
Chery,Face,https://img0.icarros.com/dbimg/galeriaimgmodelo/1/28850_1.png
Peugeot,206 SW,
Peugeot,207 SW,https://img2.icarros.com/dbimg/galeriaimgmodelo/1/2622_1.png
Chevrolet,Monza,
Alfa Romeo,145,
Renault,Sandero Stepway,https://img0.icarros.com/dbimg/galeriaimgmodelo/1/127212_1.png
Renault,Megane Hatch,
Volkswagen,Saveiro,https://img2.icarros.com/dbimg/galeriaimgmodelo/1/128865_1.png
Peugeot,406,
Jeep,Grand Cherokee,https://img1.icarros.com/dbimg/galeriaimgmodelo/1/126629_1.png
Mitsubishi,L200,https://img2.icarros.com/dbimg/galeriaimgmodelo/1/683_1.png
Chevrolet,Corsa Pick-Up,
Subaru,Impreza Sedan,https://img1.icarros.com/dbimg/galeriaimgmodelo/1/38782_1.png
Ford,Ranger (Cabine Dupla),https://img1.icarros.com/dbimg/galeriaimgmodelo/1/127181_1.png
Chevrolet,Ipanema,
Jeep,Compass,https://img0.icarros.com/dbimg/galeriaimgmodelo/1/118687_1.png
Volkswagen,Santana,
Chevrolet,Marajo,
Hyundai,i30,https://img1.icarros.com/dbimg/galeriaimgmodelo/1/42113_1.png
Citroën,C4 Pallas,https://img2.icarros.com/dbimg/galeriaimgmodelo/1/18591_1.png
Fiat,Tempra,
Peugeot,306,
Fiat,Brava,
Kia,Carnival,https://img2.icarros.com/dbimg/galeriaimgmodelo/1/31060_1.png
Chevrolet,Corsa Sedan,https://img0.icarros.com/dbimg/galeriaimgmodelo/1/1946_1.png
Land Rover,Freelander,https://img1.icarros.com/dbimg/galeriaimgmodelo/1/27694_1.png
Dodge,Dakota,
Nissan,Grand Livina,https://img1.icarros.com/dbimg/galeriaimgmodelo/1/33032_1.png
Mitsubishi,Airtrek,
Hyundai,Santa Fe,https://img2.icarros.com/dbimg/galeriaimgmodelo/1/108449_1.png
Chevrolet,Silverado,
Renault,Duster,https://img1.icarros.com/dbimg/galeriaimgmodelo/1/127273_1.png
Fiat,Punto,https://img2.icarros.com/dbimg/galeriaimgmodelo/1/64188_1.png
Ford,Fiesta Sedan,https://img2.icarros.com/dbimg/galeriaimgmodelo/1/3438_1.png
SsangYong,Actyon Sports,
Land Rover,Range Rover Sport,https://img2.icarros.com/dbimg/galeriaimgmodelo/1/126964_1.png
Seat,Ibiza,
Peugeot,307,https://img1.icarros.com/dbimg/galeriaimgmodelo/1/2672_1.png
Citroën,C4 Picasso,https://img1.icarros.com/dbimg/galeriaimgmodelo/1/130366_1.png
Citroën,Grand C4 Picasso,https://img0.icarros.com/dbimg/galeriaimgmodelo/1/130329_1.png
MINI,Countryman,
Hyundai,HB20,https://img1.icarros.com/dbimg/galeriaimgmodelo/1/126411_1.png
Seat,Cordoba,
Chevrolet,Tracker,https://img0.icarros.com/dbimg/galeriaimgmodelo/1/121975_1.png
Mitsubishi,Pajero Sport,https://img0.icarros.com/dbimg/galeriaimgmodelo/1/441_1.png
Volkswagen,Pointer,
Jac,J2,https://img2.icarros.com/dbimg/galeriaimgmodelo/1/55556_1.png
Ford,EcoSport,https://img1.icarros.com/dbimg/galeriaimgmodelo/1/125828_1.png
Renault,Sandero,https://img1.icarros.com/dbimg/galeriaimgmodelo/1/127364_1.png
Renault,Clio Sedan,
Citroën,Xsara Break,
Chevrolet,Astra Hatch,https://img1.icarros.com/dbimg/galeriaimgmodelo/1/1874_1.png
Ford,Explorer,
Citroën,Xsara Picasso,https://img1.icarros.com/dbimg/galeriaimgmodelo/1/9700_1.png
Volkswagen,Fox,https://img1.icarros.com/dbimg/galeriaimgmodelo/1/130769_1.png
Honda,Civic Hatch,
Ford,Escort SW,
Citroën,Xsara Coupe,
Chrysler,Neon,
Fiat,Marea,
Volkswagen,Polo Classic,
Volkswagen,Amarok,https://img0.icarros.com/dbimg/galeriaimgmodelo/1/132092_1.png
Citroën,DS4,https://img2.icarros.com/dbimg/galeriaimgmodelo/1/11124_1.png
Peugeot,Hoggar,https://img0.icarros.com/dbimg/galeriaimgmodelo/1/33901_1.png
Peugeot,207,https://img0.icarros.com/dbimg/galeriaimgmodelo/1/22556_1.png
Ford,Mondeo,
Renault,Logan,https://img1.icarros.com/dbimg/galeriaimgmodelo/1/127547_1.png
Mitsubishi,L200 Outdoor,https://img2.icarros.com/dbimg/galeriaimgmodelo/1/7694_1.png
Fiat,Doblò Cargo,https://img2.icarros.com/dbimg/galeriaimgmodelo/1/43211_1.png
Ford,Versailles,
Ferrari,F430,https://img2.icarros.com/dbimg/galeriaimgmodelo/1/476_1.png
Chevrolet,Vectra,https://img1.icarros.com/dbimg/galeriaimgmodelo/1/2329_1.png
Hyundai,Accent,
Volkswagen,CrossFox,https://img1.icarros.com/dbimg/galeriaimgmodelo/1/107723_1.png
Chevrolet,Vectra GT,https://img2.icarros.com/dbimg/galeriaimgmodelo/1/2351_1.png
Fiat,Fiorino Pick-Up,
Chevrolet,Meriva,https://img2.icarros.com/dbimg/galeriaimgmodelo/1/2058_1.png
Hyundai,Tucson,https://img1.icarros.com/dbimg/galeriaimgmodelo/1/125829_1.png
Mitsubishi,Pajero Dakar,https://img0.icarros.com/dbimg/galeriaimgmodelo/1/18485_1.png
Volkswagen,SpaceFox,
Fiat,Toro,https://img0.icarros.com/dbimg/galeriaimgmodelo/1/125882_1.png
Fiat,Marea Weekend,
Chevrolet,Cobalt,https://img1.icarros.com/dbimg/galeriaimgmodelo/1/131824_1.png
Fiat,Stilo,https://img2.icarros.com/dbimg/galeriaimgmodelo/1/1536_1.png
Citroën,C3,https://img0.icarros.com/dbimg/galeriaimgmodelo/1/127678_1.png
Citroën,Aircross,https://img1.icarros.com/dbimg/galeriaimgmodelo/1/127782_1.png
Fiat,Strada,
Fiat,Siena,https://img1.icarros.com/dbimg/galeriaimgmodelo/1/43031_1.png
Volkswagen,New Beetle,https://img2.icarros.com/dbimg/galeriaimgmodelo/1/4689_1.png
BMW,Série 5,https://img2.icarros.com/dbimg/galeriaimgmodelo/1/113724_1.png
Jac,J6,https://img0.icarros.com/dbimg/galeriaimgmodelo/1/55547_1.png
Mitsubishi,Pajero Full,https://img2.icarros.com/dbimg/galeriaimgmodelo/1/130325_1.png
Fiat,Palio Weekend,https://img2.icarros.com/dbimg/galeriaimgmodelo/1/13270_1.png
Chevrolet,Prisma,https://img2.icarros.com/dbimg/galeriaimgmodelo/1/130591_1.png
Peugeot,307 Sedan,https://img1.icarros.com/dbimg/galeriaimgmodelo/1/2712_1.png
SsangYong,Actyon,https://img2.icarros.com/dbimg/galeriaimgmodelo/1/9170_1.png
Peugeot,206,
Kia,Magentis,https://img2.icarros.com/dbimg/galeriaimgmodelo/1/5626_1.png
Volkswagen,Polo Sedan,https://img0.icarros.com/dbimg/galeriaimgmodelo/1/12011_1.png
Chevrolet,Omega,https://img2.icarros.com/dbimg/galeriaimgmodelo/1/7956_1.png
Volkswagen,Golf,https://img1.icarros.com/dbimg/galeriaimgmodelo/1/132219_1.png
Peugeot,405,
Volkswagen,Passat,https://img1.icarros.com/dbimg/galeriaimgmodelo/1/121171_1.png
Lifan,X60,https://img2.icarros.com/dbimg/galeriaimgmodelo/1/125073_1.png
Chevrolet,Astra Sedan,https://img2.icarros.com/dbimg/galeriaimgmodelo/1/7952_1.png
Mercedes-Benz,Sprinter,https://img0.icarros.com/dbimg/galeriaimgmodelo/1/131417_1.png
Ford,F-250,https://img1.icarros.com/dbimg/galeriaimgmodelo/1/3388_1.png
Renault,Scenic,https://img0.icarros.com/dbimg/galeriaimgmodelo/1/3096_1.png
Toyota,Hilux Cabine Simples,
Citroën,C3 Picasso,https://img0.icarros.com/dbimg/galeriaimgmodelo/1/24407_1.png
Fiat,Argo,
Ford,New Fiesta Hatch,https://img2.icarros.com/dbimg/galeriaimgmodelo/1/123947_1.png
Audi,A5,https://img0.icarros.com/dbimg/galeriaimgmodelo/1/116476_1.png
Alfa Romeo,156,
Ford,Edge,https://img1.icarros.com/dbimg/galeriaimgmodelo/1/124282_1.png
Renault,Clio,https://img2.icarros.com/dbimg/galeriaimgmodelo/1/38450_1.png
Hyundai,ix35,https://img2.icarros.com/dbimg/galeriaimgmodelo/1/126005_1.png
Fiat,Idea,https://img2.icarros.com/dbimg/galeriaimgmodelo/1/43235_1.png
Audi,A6,https://img0.icarros.com/dbimg/galeriaimgmodelo/1/119284_1.png
Peugeot,207 SW Escapade,https://img0.icarros.com/dbimg/galeriaimgmodelo/1/13909_1.png
Daewoo,Espero,
Chevrolet,Opala,
Jeep,Renegade,https://img0.icarros.com/dbimg/galeriaimgmodelo/1/119630_1.png
Volkswagen,Parati,https://img0.icarros.com/dbimg/galeriaimgmodelo/1/4716_1.png
Hyundai,HB20S,https://img0.icarros.com/dbimg/galeriaimgmodelo/1/126427_1.png
BMW,Série 3,https://img1.icarros.com/dbimg/galeriaimgmodelo/1/122461_1.png
Nissan,Frontier,https://img1.icarros.com/dbimg/galeriaimgmodelo/1/121237_1.png
Mercedes-Benz,Classe A,https://img2.icarros.com/dbimg/galeriaimgmodelo/1/109868_1.png
Kia,Sportage,https://img2.icarros.com/dbimg/galeriaimgmodelo/1/130806_1.png
Chevrolet,Captiva,https://img1.icarros.com/dbimg/galeriaimgmodelo/1/97405_1.png
Audi,A4,https://img1.icarros.com/dbimg/galeriaimgmodelo/1/119962_1.png
Chrysler,PT Cruiser,https://img2.icarros.com/dbimg/galeriaimgmodelo/1/116_1.png
Volvo,V40,
Lifan,530,https://img2.icarros.com/dbimg/galeriaimgmodelo/1/124199_1.png
Citroën,C4 VTR,
Kia,Picanto,https://img1.icarros.com/dbimg/galeriaimgmodelo/1/125138_1.png
Peugeot,207 Sedan,https://img1.icarros.com/dbimg/galeriaimgmodelo/1/22566_1.png
Subaru,Impreza Hatch,https://img2.icarros.com/dbimg/galeriaimgmodelo/1/35915_1.png
Audi,A1,https://img1.icarros.com/dbimg/galeriaimgmodelo/1/119294_1.png
Chrysler,Stratus,
Mitsubishi,L200 Triton,https://img0.icarros.com/dbimg/galeriaimgmodelo/1/127015_1.png
Renault,Symbol,https://img2.icarros.com/dbimg/galeriaimgmodelo/1/3120_1.png
Renault,Twingo,
Chevrolet,Caravan,
Honda,Fit,https://img2.icarros.com/dbimg/galeriaimgmodelo/1/121337_1.png
Ford,Focus Sedan,https://img1.icarros.com/dbimg/galeriaimgmodelo/1/132056_1.png
Chevrolet,D20,
Chevrolet,Blazer,https://img1.icarros.com/dbimg/galeriaimgmodelo/1/1884_1.png
Audi,A3,https://img0.icarros.com/dbimg/galeriaimgmodelo/1/120087_1.png
Ford,Focus Hatch,https://img0.icarros.com/dbimg/galeriaimgmodelo/1/132052_1.png
Chery,Cielo Sedan,https://img1.icarros.com/dbimg/galeriaimgmodelo/1/6778_1.png
Chery,QQ,https://img1.icarros.com/dbimg/galeriaimgmodelo/1/131288_1.png
Suzuki,SX4,https://img0.icarros.com/dbimg/galeriaimgmodelo/1/26997_1.png
Nissan,March,
Chrysler,Grand Caravan,
Nissan,Pathfinder,
Honda,City,https://img1.icarros.com/dbimg/galeriaimgmodelo/1/124837_1.png
Fiat,Freemont,https://img1.icarros.com/dbimg/galeriaimgmodelo/1/28491_1.png
Toyota,SW4,https://img0.icarros.com/dbimg/galeriaimgmodelo/1/126386_1.png
Volkswagen,Polo,https://img2.icarros.com/dbimg/galeriaimgmodelo/1/130702_1.png
Chevrolet,Zafira,https://img2.icarros.com/dbimg/galeriaimgmodelo/1/2401_1.png
Kia,Bongo,https://img2.icarros.com/dbimg/galeriaimgmodelo/1/125149_1.png
Chevrolet,Onix,https://img1.icarros.com/dbimg/galeriaimgmodelo/1/130529_1.png
Mitsubishi,Outlander,https://img0.icarros.com/dbimg/galeriaimgmodelo/1/112101_1.png
Ford,Ka+,
Toyota,Corolla Fielder,
Renault,Megane Sedan,https://img1.icarros.com/dbimg/galeriaimgmodelo/1/3019_1.png
Chery,Tiggo,https://img2.icarros.com/dbimg/galeriaimgmodelo/1/19480_1.png
Jac,J3,https://img0.icarros.com/dbimg/galeriaimgmodelo/1/34627_1.png
Toyota,Hilux Cabine Dupla,
Hyundai,Creta,
Volkswagen,Jetta Variant,
Chevrolet,Sonic Sedan,https://img2.icarros.com/dbimg/galeriaimgmodelo/1/30415_1.png
Mitsubishi,ASX,
Honda,HR-V,https://img2.icarros.com/dbimg/galeriaimgmodelo/1/118124_1.png
Chevrolet,Sonic,https://img1.icarros.com/dbimg/galeriaimgmodelo/1/31021_1.png
Mercedes-Benz,Classe C,https://img2.icarros.com/dbimg/galeriaimgmodelo/1/123993_1.png
Dodge,Journey,https://img0.icarros.com/dbimg/galeriaimgmodelo/1/126061_1.png
Kia,Sorento,https://img1.icarros.com/dbimg/galeriaimgmodelo/1/131172_1.png
Volkswagen,SpaceCross,https://img2.icarros.com/dbimg/galeriaimgmodelo/1/98869_1.png
Hyundai,Veloster,https://img2.icarros.com/dbimg/galeriaimgmodelo/1/8669_1.png
Kia,Cerato,https://img0.icarros.com/dbimg/galeriaimgmodelo/1/126157_1.png
Chevrolet,Cruze,https://img1.icarros.com/dbimg/galeriaimgmodelo/1/116568_1.png
Renault,Grand Scenic,https://img1.icarros.com/dbimg/galeriaimgmodelo/1/706_1.png
Volkswagen,Passat Variant,https://img2.icarros.com/dbimg/galeriaimgmodelo/1/22757_1.png
Citroën,C4 Lounge,https://img0.icarros.com/dbimg/galeriaimgmodelo/1/126068_1.png
SsangYong,Kyron,https://img0.icarros.com/dbimg/galeriaimgmodelo/1/35759_1.png
Land Rover,Discovery,https://img0.icarros.com/dbimg/galeriaimgmodelo/1/106057_1.png
Fiat,Bravo,https://img1.icarros.com/dbimg/galeriaimgmodelo/1/28865_1.png
Nissan,Sentra,https://img0.icarros.com/dbimg/galeriaimgmodelo/1/130961_1.png
Fiat,Mobi,https://img0.icarros.com/dbimg/galeriaimgmodelo/1/131064_1.png
Volkswagen,Tiguan,https://img1.icarros.com/dbimg/galeriaimgmodelo/1/126615_1.png
Audi,Q3,https://img1.icarros.com/dbimg/galeriaimgmodelo/1/118943_1.png
Peugeot,3008,https://img1.icarros.com/dbimg/galeriaimgmodelo/1/125116_1.png
Land Rover,Range Rover Evoque,https://img1.icarros.com/dbimg/galeriaimgmodelo/1/123924_1.png
Chevrolet,Cruze Sport6,https://img2.icarros.com/dbimg/galeriaimgmodelo/1/125408_1.png
Hyundai,Sonata,https://img2.icarros.com/dbimg/galeriaimgmodelo/1/17313_1.png
Volvo,XC60,
Toyota,Corolla,https://img0.icarros.com/dbimg/galeriaimgmodelo/1/126529_1.png
Honda,CR-V,https://img2.icarros.com/dbimg/galeriaimgmodelo/1/126137_1.png
Toyota,Etios Sedan,https://img0.icarros.com/dbimg/galeriaimgmodelo/1/126018_1.png
Renault,Megane Grand Tour,https://img0.icarros.com/dbimg/galeriaimgmodelo/1/2988_1.png
Fiat,Cronos,https://img2.icarros.com/dbimg/galeriaimgmodelo/1/125652_1.png
Volkswagen,Jetta,
Peugeot,408,https://img2.icarros.com/dbimg/galeriaimgmodelo/1/131978_1.png
Chery,Cielo Hatch,https://img0.icarros.com/dbimg/galeriaimgmodelo/1/6774_1.png
SsangYong,Korando,
Chery,Celer,https://img1.icarros.com/dbimg/galeriaimgmodelo/1/106359_1.png
Nissan,XTerra,
Honda,WR-V,https://img2.icarros.com/dbimg/galeriaimgmodelo/1/105265_1.png
Volkswagen,Bora,
Mercedes-Benz,Classe E,
Hyundai,Elantra,https://img1.icarros.com/dbimg/galeriaimgmodelo/1/123676_1.png
Citroën,C4,https://img0.icarros.com/dbimg/galeriaimgmodelo/1/24493_1.png
Toyota,Yaris Hatch,https://img1.icarros.com/dbimg/galeriaimgmodelo/1/131620_1.png
Hyundai,i30 CW,https://img2.icarros.com/dbimg/galeriaimgmodelo/1/8288_1.png
Honda,Civic,https://img0.icarros.com/dbimg/galeriaimgmodelo/1/125805_1.png
Nissan,Versa,
Toyota,Land Cruiser Prado,https://img1.icarros.com/dbimg/galeriaimgmodelo/1/387_1.png
Ford,Fusion,https://img2.icarros.com/dbimg/galeriaimgmodelo/1/125008_1.png
Suzuki,Vitara,https://img2.icarros.com/dbimg/galeriaimgmodelo/1/130265_1.png
Volkswagen,Up!,https://img2.icarros.com/dbimg/galeriaimgmodelo/1/129700_1.png
Nissan,Livina,https://img2.icarros.com/dbimg/galeriaimgmodelo/1/20926_1.png
Nissan,Tiida,https://img0.icarros.com/dbimg/galeriaimgmodelo/1/6190_1.png
Land Rover,Range Rover Vogue,https://img0.icarros.com/dbimg/galeriaimgmodelo/1/123054_1.png
Citroën,C5,https://img1.icarros.com/dbimg/galeriaimgmodelo/1/8242_1.png
Suzuki,Jimny,https://img1.icarros.com/dbimg/galeriaimgmodelo/1/126521_1.png
Fiat,Linea,https://img1.icarros.com/dbimg/galeriaimgmodelo/1/31859_1.png
Fiat,500,https://img2.icarros.com/dbimg/galeriaimgmodelo/1/119570_1.png
Hyundai,HB20X,https://img0.icarros.com/dbimg/galeriaimgmodelo/1/130234_1.png
Peugeot,308,https://img2.icarros.com/dbimg/galeriaimgmodelo/1/132030_1.png
Subaru,Forester,https://img0.icarros.com/dbimg/galeriaimgmodelo/1/122323_1.png
Peugeot,307 SW,
Jac,T6,https://img1.icarros.com/dbimg/galeriaimgmodelo/1/55548_1.png
Toyota,Etios Hatch,https://img2.icarros.com/dbimg/galeriaimgmodelo/1/126012_1.png
Peugeot,208,https://img1.icarros.com/dbimg/galeriaimgmodelo/1/126493_1.png
Jac,J5,https://img1.icarros.com/dbimg/galeriaimgmodelo/1/34471_1.png
Ford,New Fiesta Sedan,https://img0.icarros.com/dbimg/galeriaimgmodelo/1/119608_1.png
Hyundai,Azera,https://img2.icarros.com/dbimg/galeriaimgmodelo/1/106337_1.png
Chevrolet,TrailBlazer,https://img1.icarros.com/dbimg/galeriaimgmodelo/1/130495_1.png
Nissan,Kicks,
Geely,EC7,https://img1.icarros.com/dbimg/galeriaimgmodelo/1/17014_1.png
Kia,Optima,https://img1.icarros.com/dbimg/galeriaimgmodelo/1/41996_1.png
Peugeot,2008,https://img2.icarros.com/dbimg/galeriaimgmodelo/1/127066_1.png
Audi,TT,https://img2.icarros.com/dbimg/galeriaimgmodelo/1/120169_1.png
BMW,X5,https://img2.icarros.com/dbimg/galeriaimgmodelo/1/115235_1.png
BMW,X1,
MINI,Cooper,https://img0.icarros.com/dbimg/galeriaimgmodelo/1/114928_1.png
Audi,A3 Sedan,https://img0.icarros.com/dbimg/galeriaimgmodelo/1/121129_1.png
Renault,Fluence,https://img2.icarros.com/dbimg/galeriaimgmodelo/1/123122_1.png
Toyota,Camry ,
Citroën,DS3,https://img1.icarros.com/dbimg/galeriaimgmodelo/1/24550_1.png
Volkswagen,Virtus,https://img2.icarros.com/dbimg/galeriaimgmodelo/1/130729_1.png
Volvo,S60,https://img2.icarros.com/dbimg/galeriaimgmodelo/1/117642_1.png
Volkswagen,Golf Variant,https://img1.icarros.com/dbimg/galeriaimgmodelo/1/132212_1.png
Subaru,XV,https://img1.icarros.com/dbimg/galeriaimgmodelo/1/86211_1.png
Kia,Mohave,https://img1.icarros.com/dbimg/galeriaimgmodelo/1/100302_1.png
Mitsubishi,Lancer,https://img0.icarros.com/dbimg/galeriaimgmodelo/1/131811_1.png
Chery,Tiggo 2,https://img0.icarros.com/dbimg/galeriaimgmodelo/1/126766_1.png
Kia,Cadenza,https://img2.icarros.com/dbimg/galeriaimgmodelo/1/41995_1.png
Nissan,Tiida Sedan,https://img1.icarros.com/dbimg/galeriaimgmodelo/1/6190_1.png
Suzuki,Grand Vitara,https://img2.icarros.com/dbimg/galeriaimgmodelo/1/43912_1.png
Honda,Accord,https://img2.icarros.com/dbimg/galeriaimgmodelo/1/98140_1.png
Jac,T5,https://img1.icarros.com/dbimg/galeriaimgmodelo/1/113551_1.png
Toyota,RAV4,https://img2.icarros.com/dbimg/galeriaimgmodelo/1/123341_1.png
Citroën,DS5,https://img0.icarros.com/dbimg/galeriaimgmodelo/1/24569_1.png
SsangYong,Rexton,https://img1.icarros.com/dbimg/galeriaimgmodelo/1/27514_1.png
Renault,Megane Cabriolet,
Jac,T40,https://img1.icarros.com/dbimg/galeriaimgmodelo/1/131211_1.png
Nissan,Altima,https://img2.icarros.com/dbimg/galeriaimgmodelo/1/20995_1.png
Land Rover,Defender,https://img0.icarros.com/dbimg/galeriaimgmodelo/1/8392_1.png
Suzuki,S-Cross,https://img2.icarros.com/dbimg/galeriaimgmodelo/1/132140_1.png
Volkswagen,Passat CC,https://img1.icarros.com/dbimg/galeriaimgmodelo/1/4732_1.png
Toyota,Prius,https://img2.icarros.com/dbimg/galeriaimgmodelo/1/125421_1.png
